album_id,aid
6GWD1ij0V1ICTnN2MQRDYz,19WLicxrTnELYJovZowewT
0GIVXALgtLUTutTb2e9IWP,0QF3ZdXCHXFTOo1exdRNQk
5FEdkLdxA2Iwh2EzfrvqsR,1awxPOVnpuIVBb336oE7E3
5MX7SERtmC5ObbiWxgVhKb,0xMFjTpcN1zaf1ZU5NaNmk
0cfmiwgDzf8RMQzm5D9WBJ,06iIl4IfaJnZ19GqOovQAn
0FlQ67awnVMDfZNFsMSqbI,1iIxNEvPPmdFIIP0tdpw6G
0yX6V0ohP5UHsmcY1ArxIo,0qlhpgr87PEG89Jd5iRpxe
3o25XaChasRqG7pIknYBfL,58d3Ihj0hKcyB2jWRczz8q
39cND2Z0TvgdQXirXLVjeg,2goXy71dKyAtTGcLPer1ti
4lZOjhbFH530HK6zdzJ8sK,6xfvWKj2fyfNJV2B638ORl
3VwLtl8SXrYkPD5fcfeIaG,2SO4aqT8yXQjufs0DhVS61
4QKbFCdzFOyx1rQtgLA4cf,6RbM1kZasTGImE3GS0BfXM
4KjVhNZM2ITRteJaf3QeOj,4tzxCsdhR0IIUNyzwrag4C
6POMmUue7sNZcGPLkg4fSv,3pPHLLecNGUHm0dqmJ6BRD
2T2G5q8KHo5wAAitrRzJN0,74Hj7BmnUXyx2udrIEIKwX
6uRw5hrCzwRGrLuPQQiuvB,7yY4g7PFA7pPNIzjI1wNUt
48gnAQBwCcEqxXj9nfsYpS,27A12UIlenEiLoCbYk8KaA
1pmkqhRlbMn1ABFkLDAU0N,42aKOZOUTiO5DmS1FF4nVN
2bXGg13BrGxBUUUWl233X8,6B9CQVIr0x7wQVtynbZt47
0bh0XYNyfyC2rybpzHTC85,6hj2p7pzusn5Fcdi35Yedr
1hG9qANsJg5lYm36MYun97,45eNHdiiabvmbp4erw26rg
5sAadl6KC0V8WpFcePQGWE,1o9BVUqRZodtEGsD9s6t57
0DgDm9KEj2qaJzJscyGwGN,74pi4wcNMJ20RYsbbEmA46
7s4ySp4rPSqmAoczbeuPIu,7JtGUwNdBwxCuypR5vU8YH
1HmEYDDrm8pKZAbMeUzrki,4R2ZYivtzTvluDXS48Z2RL
7hPvg4At1cU8qzjOZZGkez,0OpWIlokQeE7BNQMhuu2Nx
7GFC0Mz41nX553r2YVtwu2,2pDPdtt7TxbHcBtryp3Nrz
1bd1acNHJcm73joXt9x2OV,4E7AV8mtElSjHZP3xA9kyU
3EAhVlyNoBsbjkXtA11J1x,2QMMktUMtwMSwUZATX1cRO
75j4zDqweMRmEGMfW4fIaQ,2PfdG80w32OmeVDQpTpToA
7keErDB0G7SwhfhBlEOdyC,7GklfVLAXAgRjh6Y0yOgMq
6qqhmCOwCFPNv2Mtkc0fBS,7t5qhn89RAzTepqZBB4uob
78ElkzRJscebPOeKpxSqXr,2qpchAUtJNY45rG7auwQgz
4ILgRqkYeA3Y7pr8dRiE3C,2QOIawHpSlOwXDvSqQ9YJR
2bz92MjTEWBR3qEfTSfPqs,6NGdU8Ovzpyovq50TRjjHN
1u2L3lHH7oAZKCkW7Axx2Y,6203wnH5ZX6U1s3CYacHKx
4MKNaPwkRRC4xQkf8YEnVK,19IfNSUIDUoz5OA5c2POvE
6oAJjNowQzxPm7MCeTocTU,2b11wiyKYTLCpaVHif8Kxp
4mw1SCM9sPDTPq53XCDrRt,197MEJ6lXwJXav4BstjTxl
12UWPNKZK2RHDwQlewa9US,21FQEGv5DfVAmai2gJo6Vm
7kwKLBGSrHFneRxA4JVgsv,3ikKyCOrsMeANi0d5u8BCR
26OrozXh7YoH0iEmVoy8DR,6VHHcd5N703uYCjFGcjW9E
6sseieZxXtLN2z3XxL6hRW,4YwKgwaMdWIzTPKCsESdRq
25IPtM75r8zEE9MZFFC1wS,5axa2hbZnvT5TP2IFLXoit
2v8gHuNubVvNhp2TkuNynE,5aIqB5nVVvmFsvSdExz408
0pYGv8wHZXrl36GndYKg3g,2m3QTMNI89DEFSlvmnayPE
4q2Y8hNFRCJgVyqf2Iko7I,0xjKQuOm5vHxEvcHSmkPml
3081jxfdqFMlZYC2STqErT,5OvQ8g54fWhffM2x8eCc6s
16B7NyhyBxRX0b9rzYqjmP,0ICcMcG2R2QFerkVLHK1ZO
2sdaRi5CguacIrDU6sBrgH,4iw0IpAocxcswvLRUXW0so
0ug1TpTxX1fVVg1AhnqhGz,0TKnVAdTOVIDNazbwZBU8q
4g23dh1n8ZcvFSFaslvvFm,3K7yFzdYiX3mpHePVKCRIg
2Lex91FtevkKUDe4Ws0uvZ,3x3jSlhyv5CiCZDZlaTq0M
060qumjQpSc2ysVCptal09,6tSiaOS1xbLWk4xfmpcA91
4IFuTsN2aWyIysDMui5VnR,2Swn6We5XXpyDz1YxRkprA
6AZ0MDFY6owkFc5ooZ9fkg,1vdSQulRJe9bTGLE9hgqXD
4Y5LiFHvpozTS8BdOOWEGU,1PewUhmgIVxWerXEoflPAp
2hfFKjFfTDgL0Iv41keqBO,7vCJSBATlld5vDKTH87tpG
2p4iejMBrnsCurLxsE06j5,3wlvXVjzItZFhcbG3uWvgn
3KvTiS9JDUb7IR1xOWl9Wj,22JNV0JWTJkY1qzKJhxdRe
6SAKT9M19ZekFxHY9TNdsj,4QCrPWEJukX8n7A8iOuSzo
1ffwOMDrGp8qSeFeYHrW8H,40Yq4vzPs9VNUrIBG5Jr2i
7dhIVvSGPpwCk1pxmDcLZv,1KfwFmBwu00DSv3VKT8OOG
5bT5afInCg0GL81aKNIJok,5Z8Qlj0jWh0OOmJ55EwSnu
6w3w2FWHqUJWYIn5MfDbxf,7v65N6VyFVbEN77LFajMK5
2TOWZsFUf12KQaLKtcE9QS,14vuS77oxuFJmpXp4Dv9TY
2eguEBz1eKmcRQjoIWWqzd,2oj4gzbXrZfuPRrLpmeRBF
4dXLwvEKixBAmxv3DXpjEH,1BepPZjHUCshW6CmG6sQXU
7e4Cd8j6mEO6J4x1Fbl9E0,3v3VSKylQE69ztn5TUVlFE
7KFMXw2PU6OW3OCzC9hHUZ,4ozpyL0BMzhqUDa98bISQE
2cDK1Eg3LONqzmRas1PpkM,3DKPVHC4GzISLpUdAapGiZ
4IrUfr44mLtAA0ckjK6QTF,5npjVGVAv2zKLAU00SIU81
7l8R031bDWvWNOnhDusW35,6vjZXDF23Naw0RUCUsYmXl
57GzYU7y1oX5A4YzcsVw3I,4clZGxyjN1DDsUxmBomdE7
0zo1r5SdTse6Db38NxkiK3,4fEbqV3UO3wiMvz11l7LxJ
1HpznFF6B8swgsIcbDoob0,1JDl9nlfg0i8EQDk7Q6hZz
53PHJGBDiFKy2fhfaXP3em,0a7PEqrMMgqFe6NCzSNNyq
7MgdBdKl1aUb0goNIokTn4,5pmXkV6A8yQdoa64xzvZ0S
1lb3VTBQ0iWTULgVUATFWt,2bHrkZwj7sYYsMHe5tHXaX
3iY7wq223DPg8UQTQO9tR3,4Kyb02r7dR3H1PH7pYkb8X
4V5POQ8hJnHsJNj6XcVhCq,2Wfs0XXdTrTMsmdIPKCkaC
4Qp533wvzwlDdJpdmT0T54,4tK1TZjoCeKTUr5flyNcxN
1qzoV3hJOPgkoLDMwblS2Q,4TvgUScBiJZP1P9V1tmMPi
0iGz9tDb6hInAEe5D6iVVT,0ubX7iNTyoZvqlroyIVysw
15cpVLBarfbwMnexxa2krc,0sT70rawlW3M0BbnKdxdJC
0xAxgruQbNPQuzXYDVnBPT,3xZBpeXHkSjTKQIR1OeKN0
6nEtvyaECZ2aYK57uN6uN4,6mqxajda8cJOTZL8oQYlJP
1NH0HyGxtxhmypu4GE72Ji,3jPKY265XrMlohnJw3nGt0
1is7ApydEO74WEe0LE7z8G,4mmEKUZZBwnzg4m6hizPyN
2HDbpTMDyDGeVZQPIkCBJo,2VIoWte1HPDbZ2WqHd2La7
3EDHDGPMKmabJSIN0aHrW9,6jKsnWXyWgE3jyC0Cs0Cdb
2sDf8IRfSUTbsHGw5namYi,2xeQveiOPcOQ2wfyAtnwNZ
555CY37YtgVd2d102DxQqM,02kJSzxNuaWGqwubyUba0Z
2blAu1fXtwzpcYrgF10rSI,4AsPSaUwVGmR6j93TXJaU6
5VGK5sqmajGu0Ietj1iuNZ,1eQJWZR4idtvfxPUEqf0BI
5vfAgt0hlOqFXTJY4oPW5z,5w4SswA2oIU6HUuq0xreQj
2ZVx58zH5mUo2y5WlStEOP,4b8o2oOsP2UiIQBmqov5Mf
705tt4x1hmJwhdM2I1vRmZ,3mUHAiDazZq75gh6If5zoD
5FwLlq3R0Mzl5t2Rd2poDc,1Yt0NXI2k1f0y884jJduBj
0oM34jNgYEJlYP53vtvoxE,2ICSjfBpos9PxMhGhX25N2
