album_id,name,release_date
6GWD1ij0V1ICTnN2MQRDYz,She Comes In Waves,1999-01-01
0GIVXALgtLUTutTb2e9IWP,Tchaikovsky & Dvorák: Serenades for Strings,1994-02-01
5FEdkLdxA2Iwh2EzfrvqsR,Pa Ella,2019-09-27
5MX7SERtmC5ObbiWxgVhKb,Independent Lady,2006-04-26
0cfmiwgDzf8RMQzm5D9WBJ,Gnosis,2006-08-14
0FlQ67awnVMDfZNFsMSqbI,El Senor de los Cielos,2016-04-25
0yX6V0ohP5UHsmcY1ArxIo,Stillness And Sweet Harmony,1996-11-01
3o25XaChasRqG7pIknYBfL,Veiled,2008-01-01
39cND2Z0TvgdQXirXLVjeg,Just Be Thankful,1995-05-30
4lZOjhbFH530HK6zdzJ8sK,Scott Baio,1982-10-30
3VwLtl8SXrYkPD5fcfeIaG,Reinthaler: Jephta und seine Tochter,2004-11-16
4QKbFCdzFOyx1rQtgLA4cf,Danger 5: Series 2 (Original Soundtrack),2015-01-03
4KjVhNZM2ITRteJaf3QeOj,Rappen 4 Tay Is Back!,1992-04-24
6POMmUue7sNZcGPLkg4fSv,00.01 Am,2020-09-14
2T2G5q8KHo5wAAitrRzJN0,Obsolete,1998-07-20
6uRw5hrCzwRGrLuPQQiuvB,Country Swingin' Slide Guitar Pickin': 24 Great Dobro,2003-02-18
48gnAQBwCcEqxXj9nfsYpS,Blue Pariah,1996-01-01
1pmkqhRlbMn1ABFkLDAU0N,Raras Partituras 2 - Piano,2007-11-01
2bXGg13BrGxBUUUWl233X8,Release,2009-07-24
0bh0XYNyfyC2rybpzHTC85,G.T.F.O.M.D: There’s Not Enough Room for All You Motha Fuckas to Be on It Like This,2019-12-15
1hG9qANsJg5lYm36MYun97,Ashes,2016-02-15
5sAadl6KC0V8WpFcePQGWE,Wharfless,2005-01-01
0DgDm9KEj2qaJzJscyGwGN,With Evening Above,2014-06-03
7s4ySp4rPSqmAoczbeuPIu,City Side Crooks,2006-01-17
1HmEYDDrm8pKZAbMeUzrki,Heartburst,1999-01-01
7hPvg4At1cU8qzjOZZGkez,Ride Through the Country,2008-07-04
7GFC0Mz41nX553r2YVtwu2,Slammin' & Jammin',1998-04-21
1bd1acNHJcm73joXt9x2OV,ELEVATION,2019-10-24
3EAhVlyNoBsbjkXtA11J1x,Rock Show: Live In Dallas 2007,2008-09-16
75j4zDqweMRmEGMfW4fIaQ,Purcell: Dido and Aeneas,2008-01-01
7keErDB0G7SwhfhBlEOdyC,Defected Presents Most Rated 2019,2018-11-30
6qqhmCOwCFPNv2Mtkc0fBS,Liadov: Baba Yaga / Enchanted Lake / Kikimora,2001-12-11
78ElkzRJscebPOeKpxSqXr,"Reger, M.: Organ Works, Vol. 1",1998-03-11
4ILgRqkYeA3Y7pr8dRiE3C,4 Seasons for 3 Pianos,2017-08-11
2bz92MjTEWBR3qEfTSfPqs,J.C. Bach: Salve Regina,2001-05-13
1u2L3lHH7oAZKCkW7Axx2Y,"Fibich: Moods, Impressions and Reminiscences, Op. 41 (Excerpts)",1995-06-01
4MKNaPwkRRC4xQkf8YEnVK,Scottish Space Race,2019-09-20
6oAJjNowQzxPm7MCeTocTU,"Blow For You, Blow For Me",2001-01-01
4mw1SCM9sPDTPq53XCDrRt,Caponeyboy,2015-07-04
12UWPNKZK2RHDwQlewa9US,Shift Happens (Basswerk 07),2011-03-25
7kwKLBGSrHFneRxA4JVgsv,Malibu Ken,2019-01-18
26OrozXh7YoH0iEmVoy8DR,The Garland,2019-11-08
6sseieZxXtLN2z3XxL6hRW,Days That Disappear Too Soon,2000-04-20
25IPtM75r8zEE9MZFFC1wS,"Dangerous Dance, Vol. 1",2011-10-11
2v8gHuNubVvNhp2TkuNynE,"The Organ of St Bavo, Haarlem: Bach, Buxtehude, Mendelssohn, Reubke",2018-08-31
0pYGv8wHZXrl36GndYKg3g,"Hanson, H.: Music of Howard Hanson, Vol. 1 - Symphonies Nos. 2 and 4 / Fantasy-Variations On A Theme of Youth",1992-01-01
4q2Y8hNFRCJgVyqf2Iko7I,Parallel Universe,2005-10-03
3081jxfdqFMlZYC2STqErT,"Charpentier, M.-A.: Sacred Music, Vol. 3",1997-03-13
16B7NyhyBxRX0b9rzYqjmP,"Loud, Sexy & Rude",2015-03-26
2sdaRi5CguacIrDU6sBrgH,Extraordinary,2017-07-10
0ug1TpTxX1fVVg1AhnqhGz,Burn The Ships,2020-09-25
4g23dh1n8ZcvFSFaslvvFm,Prokofiev: Ivan the Terrible,2003-11-01
2Lex91FtevkKUDe4Ws0uvZ,Sli'merre,2019-05-08
060qumjQpSc2ysVCptal09,Noisia Presents Ten Years of Vision Recordings,2015-02-23
4IFuTsN2aWyIysDMui5VnR,Gave in Rest,2018-09-14
6AZ0MDFY6owkFc5ooZ9fkg,Freitag Nacht,2020-11-12
4Y5LiFHvpozTS8BdOOWEGU,Weber: Silvana,1997-08-13
2hfFKjFfTDgL0Iv41keqBO,Trax! Box,2015-05-18
2p4iejMBrnsCurLxsE06j5,"Bach, J.S.: Adagio",1997-07-01
3KvTiS9JDUb7IR1xOWl9Wj,Broken Record,2019-11-01
6SAKT9M19ZekFxHY9TNdsj,Cosmic Lieder,2011-04-12
1ffwOMDrGp8qSeFeYHrW8H,Silvery Sometimes (Ghosts),2018-09-14
7dhIVvSGPpwCk1pxmDcLZv,The Manatee: Piano Music of Bernard Hoffer,2019-04-19
5bT5afInCg0GL81aKNIJok,Night Rider,2012-12-26
6w3w2FWHqUJWYIn5MfDbxf,Blues on the Corner,1999-01-01
2TOWZsFUf12KQaLKtcE9QS,Let's Get It,2019-12-25
2eguEBz1eKmcRQjoIWWqzd,Acho,2006-05-01
4dXLwvEKixBAmxv3DXpjEH,Infernal Calling,2015-08-06
7e4Cd8j6mEO6J4x1Fbl9E0,Legacy of the Catacombs,2007-07-10
7KFMXw2PU6OW3OCzC9hHUZ,Mozart: Don Giovanni - 1956 Salzburger Festpiele,1994-08-09
2cDK1Eg3LONqzmRas1PpkM,"Hello, Dolly! (Original Broadway Cast Recording)",1989-08-01
4IrUfr44mLtAA0ckjK6QTF,Another Side of Genesis,2000-01-01
7l8R031bDWvWNOnhDusW35,"Tippett, M.: Child of Our Time (A)",2005-02-01
57GzYU7y1oX5A4YzcsVw3I,Jerzy Fitelberg: Chamber Works,2016-10-30
0zo1r5SdTse6Db38NxkiK3,Tidal Dreams,2019-06-26
1HpznFF6B8swgsIcbDoob0,Drowning on Dry Land,1999-01-01
53PHJGBDiFKy2fhfaXP3em,Sega Lugosi's Dead,2009-03-31
7MgdBdKl1aUb0goNIokTn4,Dreams from the Shore,2019-06-10
1lb3VTBQ0iWTULgVUATFWt,13th and Pine,2009-08-24
3iY7wq223DPg8UQTQO9tR3,Epic Action & Adventure Vol. 7 - ES018,2010-10-01
4V5POQ8hJnHsJNj6XcVhCq,"Strauss, R.: Elektra, Op. 58",2005-01-01
4Qp533wvzwlDdJpdmT0T54,"Abel, C.F.: Symphonies, Op. 17, Nos. 1-6",1994-01-01
1qzoV3hJOPgkoLDMwblS2Q,Goodbye Cruel World,1999-08-24
0iGz9tDb6hInAEe5D6iVVT,Howells: Works for Strings,1993-03-01
15cpVLBarfbwMnexxa2krc,Cuchillas,2016-02-19
0xAxgruQbNPQuzXYDVnBPT,It's Art Dad,2020-07-10
6nEtvyaECZ2aYK57uN6uN4,Shapes On the Water (EP),2012-11-13
1NH0HyGxtxhmypu4GE72Ji,Waterdeep Live at the New Earth,1999-01-01
1is7ApydEO74WEe0LE7z8G,Night & Day,2012-05-15
2HDbpTMDyDGeVZQPIkCBJo,Happy Together (Deluxe Version),1967-08-19
3EDHDGPMKmabJSIN0aHrW9,Arensky: Suites Nos. 1-3,2003-11-29
2sDf8IRfSUTbsHGw5namYi,Wallace: Lurline,2010-06-29
555CY37YtgVd2d102DxQqM,Everything's Strange Here,2020-07-08
2blAu1fXtwzpcYrgF10rSI,Thomas Tallis & William Byrd: Cantiones Sacrae 1575,2011-01-04
5VGK5sqmajGu0Ietj1iuNZ,Fairouz: Chamber Works,2012-01-01
5vfAgt0hlOqFXTJY4oPW5z,"Bach, J.S.: Schubler Chorales / Toccata and Fugue in D Minor",1995-01-04
2ZVx58zH5mUo2y5WlStEOP,Ocularis Infernum,2012-05-18
705tt4x1hmJwhdM2I1vRmZ,All My Heroes Are Dead,2020-04-17
5FwLlq3R0Mzl5t2Rd2poDc,Pawn Kings Live,1998-08-26
0oM34jNgYEJlYP53vtvoxE,Mojave,2004-06-29
