aid,name
19WLicxrTnELYJovZowewT,Crazy Mary
0QF3ZdXCHXFTOo1exdRNQk,St. Petersburg Conservatory Orchestra
1awxPOVnpuIVBb336oE7E3,Fresh EP
0xMFjTpcN1zaf1ZU5NaNmk,Destra
06iIl4IfaJnZ19GqOovQAn,Paul Avgerinos
1iIxNEvPPmdFIIP0tdpw6G,Los Cadetes De Linares
0qlhpgr87PEG89Jd5iRpxe,John Rutter
58d3Ihj0hKcyB2jWRczz8q,Roman Leykam
2goXy71dKyAtTGcLPer1ti,Fo' Clips Eclipse
6xfvWKj2fyfNJV2B638ORl,Scott Baio
2SO4aqT8yXQjufs0DhVS61,Wolfgang Helbich
6RbM1kZasTGImE3GS0BfXM,Dario Russo
4tzxCsdhR0IIUNyzwrag4C,Rappin' 4-Tay
3pPHLLecNGUHm0dqmJ6BRD,Wice
74Hj7BmnUXyx2udrIEIKwX,Fear Factory
7yY4g7PFA7pPNIzjI1wNUt,J.Q. Spell
27A12UIlenEiLoCbYk8KaA,Big Rude Jake
42aKOZOUTiO5DmS1FF4nVN,Carlos Aguirre
6B9CQVIr0x7wQVtynbZt47,Mark Willms
6hj2p7pzusn5Fcdi35Yedr,$ilkMoney
45eNHdiiabvmbp4erw26rg,ILLENIUM
1o9BVUqRZodtEGsD9s6t57,Alex Arrowsmith
74pi4wcNMJ20RYsbbEmA46,Jeff Pearce
7JtGUwNdBwxCuypR5vU8YH,Gonzoe
4R2ZYivtzTvluDXS48Z2RL,Breathless
0OpWIlokQeE7BNQMhuu2Nx,Colt Ford
2pDPdtt7TxbHcBtryp3Nrz,Carlos Garnett
4E7AV8mtElSjHZP3xA9kyU,Luke James
2QMMktUMtwMSwUZATX1cRO,Toadies
2PfdG80w32OmeVDQpTpToA,Russell Braun
7GklfVLAXAgRjh6Y0yOgMq,Qubiko
7t5qhn89RAzTepqZBB4uob,Anatoly Lyadov
2qpchAUtJNY45rG7auwQgz,Max Reger
2QOIawHpSlOwXDvSqQ9YJR,Antonio Vivaldi
6NGdU8Ovzpyovq50TRjjHN,Michi Gaigg
6203wnH5ZX6U1s3CYacHKx,Zdeněk Fibich
19IfNSUIDUoz5OA5c2POvE,The Cosmic Dead
2b11wiyKYTLCpaVHif8Kxp,Los Chicharrons
197MEJ6lXwJXav4BstjTxl,Slip Capone
21FQEGv5DfVAmai2gJo6Vm,Dizplay
3ikKyCOrsMeANi0d5u8BCR,TOBACCO
6VHHcd5N703uYCjFGcjW9E,Daya
4YwKgwaMdWIzTPKCsESdRq,Lowry Olafson
5axa2hbZnvT5TP2IFLXoit,Kyper
5aIqB5nVVvmFsvSdExz408,Johann Sebastian Bach
2m3QTMNI89DEFSlvmnayPE,Gerard Schwarz
0xjKQuOm5vHxEvcHSmkPml,Leiahdorus
5OvQ8g54fWhffM2x8eCc6s,Marc-Antoine Charpentier
0ICcMcG2R2QFerkVLHK1ZO,The Lemon Lovers
4iw0IpAocxcswvLRUXW0so,Spyker
0TKnVAdTOVIDNazbwZBU8q,The Electric Mud
3K7yFzdYiX3mpHePVKCRIg,State Symphony Capella of Russia
3x3jSlhyv5CiCZDZlaTq0M,Pi’erre Bourne
6tSiaOS1xbLWk4xfmpcA91,Joe Seven
2Swn6We5XXpyDz1YxRkprA,Sarah Davachi
1vdSQulRJe9bTGLE9hgqXD,Alice Dee
1PewUhmgIVxWerXEoflPAp,Sergio Gomez
7vCJSBATlld5vDKTH87tpG,Revolting Cocks
3wlvXVjzItZFhcbG3uWvgn,Camerata Cassovia
22JNV0JWTJkY1qzKJhxdRe,Travis Greene
4QCrPWEJukX8n7A8iOuSzo,Darius Jones
40Yq4vzPs9VNUrIBG5Jr2i,The Smashing Pumpkins
1KfwFmBwu00DSv3VKT8OOG,Randall Hodgkinson
5Z8Qlj0jWh0OOmJ55EwSnu,Draper
7v65N6VyFVbEN77LFajMK5,Peter Leitch
14vuS77oxuFJmpXp4Dv9TY,Ashley Dominique
2oj4gzbXrZfuPRrLpmeRBF,Southend
1BepPZjHUCshW6CmG6sQXU,Eye Of Horus
3v3VSKylQE69ztn5TUVlFE,Nile
4ozpyL0BMzhqUDa98bISQE,Lisa della Casa
3DKPVHC4GzISLpUdAapGiZ,Carol Channing
5npjVGVAv2zKLAU00SIU81,Daryl Stuermer
6vjZXDF23Naw0RUCUsYmXl,Jon Garrison
4clZGxyjN1DDsUxmBomdE7,Erika Raum
4fEbqV3UO3wiMvz11l7LxJ,Nautilus
1JDl9nlfg0i8EQDk7Q6hZz,Bobby Cameron
0a7PEqrMMgqFe6NCzSNNyq,The Gothsicles
5pmXkV6A8yQdoa64xzvZ0S,Psalm Trees
2bHrkZwj7sYYsMHe5tHXaX,Nazz
4Kyb02r7dR3H1PH7pYkb8X,Epic Score
2Wfs0XXdTrTMsmdIPKCkaC,Arnold Bezuyen
4tK1TZjoCeKTUr5flyNcxN,Carl Friedrich Abel
4TvgUScBiJZP1P9V1tmMPi,Brutal Truth
0ubX7iNTyoZvqlroyIVysw,Shuna Wilson
0sT70rawlW3M0BbnKdxdJC,El Último Ke Zierre
3xZBpeXHkSjTKQIR1OeKN0,The Clientele
6mqxajda8cJOTZL8oQYlJP,Book Club
3jPKY265XrMlohnJw3nGt0,Waterdeep
4mmEKUZZBwnzg4m6hizPyN,Andre Williams
2VIoWte1HPDbZ2WqHd2La7,The Turtles
6jKsnWXyWgE3jyC0Cs0Cdb,Dmitry Yablonsky
2xeQveiOPcOQ2wfyAtnwNZ,Donald Maxwell
02kJSzxNuaWGqwubyUba0Z,G-Eazy
4AsPSaUwVGmR6j93TXJaU6,David Skinner
1eQJWZR4idtvfxPUEqf0BI,Katie Reimer
5w4SswA2oIU6HUuq0xreQj,Wolfgang Rübsam
4b8o2oOsP2UiIQBmqov5Mf,Blodsrit
3mUHAiDazZq75gh6If5zoD,R.A. The Rugged Man
1Yt0NXI2k1f0y884jJduBj,Andy Timmons
2ICSjfBpos9PxMhGhX25N2,Concrete Blonde
