sid,aid
2nqUs4DYLEDAiN2Asw6neV,19WLicxrTnELYJovZowewT
56g5YnXc5lND1JKwHvVmtl,0QF3ZdXCHXFTOo1exdRNQk
0XFlg8gryhkGNr8LbOtg9u,1awxPOVnpuIVBb336oE7E3
1F3AaZgEV4tiIwrTm3KU1C,0xMFjTpcN1zaf1ZU5NaNmk
6VhOoXU0kCbxBv1rXJsYOn,06iIl4IfaJnZ19GqOovQAn
7vreVZg4w59b32V1NtadLs,1iIxNEvPPmdFIIP0tdpw6G
5pKELac0jxLRKRJ38jtXtG,0qlhpgr87PEG89Jd5iRpxe
02Z2cSHafBwVHSXIMOznWk,58d3Ihj0hKcyB2jWRczz8q
7wmW2kWf0rs3PkYPtYrg41,2goXy71dKyAtTGcLPer1ti
4LNJZop0ue4l84BNT2YTAN,6xfvWKj2fyfNJV2B638ORl
2xbHmneQtHEXu0VXPIWr7e,2SO4aqT8yXQjufs0DhVS61
13ciNQNfNo6yITcdcftFsf,6RbM1kZasTGImE3GS0BfXM
5txDReVn0EjVRlG3D9Wa8h,4tzxCsdhR0IIUNyzwrag4C
2vK5HwcDYeREdyq36ecvjR,3pPHLLecNGUHm0dqmJ6BRD
5xqDoX9PeZtmKAs2b6xaCK,74Hj7BmnUXyx2udrIEIKwX
3ecQr7rCT7h2eL0bljwsmo,7yY4g7PFA7pPNIzjI1wNUt
5wrXf4khju3JgRP4ifzpzx,27A12UIlenEiLoCbYk8KaA
3AUoW6fh9JdH505hJESABz,42aKOZOUTiO5DmS1FF4nVN
52bkpcahUXPIAbjCJgal7D,6B9CQVIr0x7wQVtynbZt47
6IOzde40BiXJbCx679TTSL,6hj2p7pzusn5Fcdi35Yedr
55tevo6vHJEn12nzuSdJ6R,45eNHdiiabvmbp4erw26rg
4nkIPeKwHnzAJa26MaaGdn,1o9BVUqRZodtEGsD9s6t57
4ldi9ySTY7e4rwsP0D2keZ,74pi4wcNMJ20RYsbbEmA46
4BB3369RIqhQrM410K3dTc,7JtGUwNdBwxCuypR5vU8YH
5IXKTMLjRxMrXuIexendPQ,4R2ZYivtzTvluDXS48Z2RL
0r428sCr7h3664tMl3HnxC,0OpWIlokQeE7BNQMhuu2Nx
1oEcjRah8806hoYVnLD9GO,2pDPdtt7TxbHcBtryp3Nrz
1Od1p5f6818YQhWGDoOPw8,4E7AV8mtElSjHZP3xA9kyU
1Q5PmmAqdUESrVMSYN7dz6,2QMMktUMtwMSwUZATX1cRO
1nMAameJ88kte7BkUMzGps,2PfdG80w32OmeVDQpTpToA
6p9pGlBPCP5GycAJC0mOcY,7GklfVLAXAgRjh6Y0yOgMq
63EdAftDA8tC7ixonKdx3Y,7t5qhn89RAzTepqZBB4uob
6JdnLuSIRWP96w64TqybpS,2qpchAUtJNY45rG7auwQgz
7FCdPoAqU6iHSoMgbfcSZ1,2QOIawHpSlOwXDvSqQ9YJR
4sNxgEWlbu4zliQOl3921o,6NGdU8Ovzpyovq50TRjjHN
3rvpkh2oTaD81OFRZmf0pu,6203wnH5ZX6U1s3CYacHKx
7J2iPxDsFfGln2kiFRfHHk,19IfNSUIDUoz5OA5c2POvE
3IxmlKXddrCjXcEkvffVwk,2b11wiyKYTLCpaVHif8Kxp
3kjBiVxCf38MoQt9eXNBY8,197MEJ6lXwJXav4BstjTxl
5pW96EsZNwzibIUPUYWtQ7,21FQEGv5DfVAmai2gJo6Vm
7HKa9t3LyfNlnHtbvRDo6K,3ikKyCOrsMeANi0d5u8BCR
5AUEJThVXIaR2Xa3K2s1Sr,6VHHcd5N703uYCjFGcjW9E
4jewbSonPddYgYrBxlvHX9,4YwKgwaMdWIzTPKCsESdRq
2Mu5tnFN6dtjgfcvfohOoG,5axa2hbZnvT5TP2IFLXoit
7vXLbrEnvFut9vei4CSWJv,5aIqB5nVVvmFsvSdExz408
0MclYwSuAej8oxRZLZxLwZ,2m3QTMNI89DEFSlvmnayPE
3aFkCAEv9NxINQt2JCbjuU,0xjKQuOm5vHxEvcHSmkPml
2UpeoutEHHboOilwhvIpdy,5OvQ8g54fWhffM2x8eCc6s
0nt5m6ZoO9CnchFNktBPr5,0ICcMcG2R2QFerkVLHK1ZO
3jWbUb98gOJ99wfNMTYdzw,4iw0IpAocxcswvLRUXW0so
0ly1RTjOQaJaZdAd9mRbOR,0TKnVAdTOVIDNazbwZBU8q
2pRFDtoFlZzfXi8m2vucsv,3K7yFzdYiX3mpHePVKCRIg
5uI1vcND0vph80NTVkRK3Y,3x3jSlhyv5CiCZDZlaTq0M
4XA277ECmdGePmhOQDqEgY,6tSiaOS1xbLWk4xfmpcA91
3E7elhk68AMk7FwBjttryW,2Swn6We5XXpyDz1YxRkprA
5oEhsR5aMUeEbKrn3OOU5A,1vdSQulRJe9bTGLE9hgqXD
18Wt5T9M2akoeRW0ItSbLh,1PewUhmgIVxWerXEoflPAp
1K51qmIf3nP05YIScLYx7X,7vCJSBATlld5vDKTH87tpG
6NeywJeDtbg7gTHBCT3Mte,3wlvXVjzItZFhcbG3uWvgn
4J7V0jJ1ma0lXAw5sMZRam,22JNV0JWTJkY1qzKJhxdRe
4w8ykSlU89dYmRQQM4GcRJ,4QCrPWEJukX8n7A8iOuSzo
6d16812ATxbVByyVgoEWBZ,40Yq4vzPs9VNUrIBG5Jr2i
5NVCBhVHx44yDtQfRios4v,1KfwFmBwu00DSv3VKT8OOG
6f6Hv4wvP0HKVw1Ag5ozrO,5Z8Qlj0jWh0OOmJ55EwSnu
318zhfjuYfsz8TIp4Q5GjL,7v65N6VyFVbEN77LFajMK5
1JksY3QA7qtDg1Pio1gYzz,14vuS77oxuFJmpXp4Dv9TY
41PRQpeFEpp5ZzPxXtiCIW,2oj4gzbXrZfuPRrLpmeRBF
6NZQ8jt5z31FwqLHsJN8a6,1BepPZjHUCshW6CmG6sQXU
0BjHqy5tDvKhgIvcAla410,3v3VSKylQE69ztn5TUVlFE
1AZjXqf9JywSwZMN6N3peV,4ozpyL0BMzhqUDa98bISQE
0CONn5ofSDIdWW1VP92OzY,3DKPVHC4GzISLpUdAapGiZ
1AaOh8kb1klra0cud5jZvg,5npjVGVAv2zKLAU00SIU81
3a7g1D4Sp1l7G8siX7jHAx,6vjZXDF23Naw0RUCUsYmXl
4X85AQmk1w7oErO7HbGeEl,4clZGxyjN1DDsUxmBomdE7
5EmbIrZXfokITYHbsT8CMg,4fEbqV3UO3wiMvz11l7LxJ
0oQGbsUtdMHjyYJ37jOFyO,1JDl9nlfg0i8EQDk7Q6hZz
0GU33OZpazHp6C8jsEZalX,0a7PEqrMMgqFe6NCzSNNyq
1qmlh1x3L8SALClvK0XO36,5pmXkV6A8yQdoa64xzvZ0S
0YtyqOVJVNYCUZ5iIjR8VA,2bHrkZwj7sYYsMHe5tHXaX
1ZPvt8lzMYTfncYEF5eVw0,4Kyb02r7dR3H1PH7pYkb8X
3TtPcejZBMZi9ySU9YdGnM,2Wfs0XXdTrTMsmdIPKCkaC
42AXWJWk3aRNepM5oiDiXD,4tK1TZjoCeKTUr5flyNcxN
6l992Z1hbPRqdNSFSQ3MEK,4TvgUScBiJZP1P9V1tmMPi
223LjWSaoVX1e0Vo4M61aQ,0ubX7iNTyoZvqlroyIVysw
0tMvDTM4AuJdgqUmnG0AnQ,0sT70rawlW3M0BbnKdxdJC
3SRXZrsXfOMwBIyWIJRjQG,3xZBpeXHkSjTKQIR1OeKN0
4yyA54uQhXA8ycQjv5bMHt,6mqxajda8cJOTZL8oQYlJP
7BcfSj6KiGa5EyZG9MJPmh,3jPKY265XrMlohnJw3nGt0
4nwFzBA46JmO3Vz13wPKLh,4mmEKUZZBwnzg4m6hizPyN
2inqR5rCpsGc85pPOsVIQ7,2VIoWte1HPDbZ2WqHd2La7
30SHKGRTosthSvPAoAODOR,6jKsnWXyWgE3jyC0Cs0Cdb
51pxBSUNa3sBfjJCmm3YSH,2xeQveiOPcOQ2wfyAtnwNZ
2t6QkJ39bAFYI6otYhQZ09,02kJSzxNuaWGqwubyUba0Z
0QeCKBTRqq6l7Iu79vVnRK,4AsPSaUwVGmR6j93TXJaU6
6gaamTjzcZSkGogR3ndR1D,1eQJWZR4idtvfxPUEqf0BI
16OkHrt7bqRPKQzY15zjWd,5w4SswA2oIU6HUuq0xreQj
4E8eZAbIyNpscLX1UUL2FB,4b8o2oOsP2UiIQBmqov5Mf
2MpnD4ul9TsXioVoTItqEF,3mUHAiDazZq75gh6If5zoD
64M1uItf8E4YMzTA8zt2q8,1Yt0NXI2k1f0y884jJduBj
0bL1pTf7pfZU0kSUmLRoj1,2ICSjfBpos9PxMhGhX25N2
